"GemeenteCode";"GemeenteNaam";"AantalZetels"
"0014";"Groningen";"45"
"0034";"Almere";"45"
"0037";"Stadskanaal";"23"
"0047";"Veendam";"21"
"0050";"Zeewolde";"19"
"0059";"Achtkarspelen";"21"
"0060";"Ameland";"11"
"0072";"Harlingen";"17"
"0074";"Heerenveen";"31"
"0080";"Leeuwarden";"39"
"0085";"Ooststellingwerf";"21"
"0086";"Opsterland";"23"
"0088";"Schiermonnikoog";"9"
"0090";"Smallingerland";"31"
"0093";"Terschelling";"11"
"0096";"Vlieland";"9"
"0098";"Weststellingwerf";"21"
"0106";"Assen";"35"
"0109";"Coevorden";"25"
"0114";"Emmen";"39"
"0118";"Hoogeveen";"31"
"0119";"Meppel";"25"
"0141";"Almelo";"35"
"0147";"Borne";"19"
"0148";"Dalfsen";"23"
"0150";"Deventer";"39"
"0153";"Enschede";"39"
"0158";"Haaksbergen";"19"
"0160";"Hardenberg";"33"
"0163";"Hellendoorn";"25"
"0164";"Hengelo (O)";"37"
"0166";"Kampen";"31"
"0168";"Losser";"19"
"0171";"Noordoostpolder";"31"
"0173";"Oldenzaal";"23"
"0175";"Ommen";"17"
"0177";"Raalte";"25"
"0180";"Staphorst";"17"
"0183";"Tubbergen";"19"
"0184";"Urk";"19"
"0189";"Wierden";"21"
"0193";"Zwolle";"39"
"0197";"Aalten";"21"
"0200";"Apeldoorn";"39"
"0202";"Arnhem";"39"
"0203";"Barneveld";"33"
"0209";"Beuningen";"21"
"0213";"Brummen";"19"
"0214";"Buren";"21"
"0216";"Culemborg";"23"
"0221";"Doesburg";"15"
"0222";"Doetinchem";"33"
"0225";"Druten";"17"
"0226";"Duiven";"19"
"0228";"Ede";"39"
"0230";"Elburg";"19"
"0232";"Epe";"23"
"0233";"Ermelo";"21"
"0243";"Harderwijk";"31"
"0244";"Hattem";"15"
"0246";"Heerde";"17"
"0252";"Heumen";"17"
"0262";"Lochem";"23"
"0263";"Maasdriel";"21"
"0267";"Nijkerk";"29"
"0268";"Nijmegen";"39"
"0269";"Oldebroek";"19"
"0273";"Putten";"21"
"0274";"Renkum";"23"
"0275";"Rheden";"27"
"0277";"Rozendaal";"9"
"0279";"Scherpenzeel";"15"
"0281";"Tiel";"27"
"0285";"Voorst";"21"
"0289";"Wageningen";"27"
"0293";"Westervoort";"17"
"0294";"Winterswijk";"21"
"0296";"Wijchen";"27"
"0297";"Zaltbommel";"23"
"0299";"Zevenaar";"29"
"0301";"Zutphen";"29"
"0302";"Nunspeet";"21"
"0303";"Dronten";"29"
"0307";"Amersfoort";"39"
"0308";"Baarn";"21"
"0310";"De Bilt";"27"
"0312";"Bunnik";"17"
"0313";"Bunschoten";"19"
"0317";"Eemnes";"15"
"0321";"Houten";"31"
"0327";"Leusden";"23"
"0331";"Lopik";"15"
"0335";"Montfoort";"15"
"0339";"Renswoude";"11"
"0340";"Rhenen";"19"
"0342";"Soest";"29"
"0344";"Utrecht";"45"
"0345";"Veenendaal";"35"
"0351";"Woudenberg";"17"
"0352";"Wijk bij Duurstede";"19"
"0353";"IJsselstein";"23"
"0355";"Zeist";"33"
"0356";"Nieuwegein";"33"
"0358";"Aalsmeer";"23"
"0361";"Alkmaar";"39"
"0362";"Amstelveen";"37"
"0363";"Amsterdam";"45"
"0373";"Bergen (NH)";"21"
"0375";"Beverwijk";"27"
"0376";"Blaricum";"15"
"0377";"Bloemendaal";"19"
"0383";"Castricum";"25"
"0384";"Diemen";"23"
"0385";"Edam-Volendam";"25"
"0388";"Enkhuizen";"17"
"0392";"Haarlem";"39"
"0394";"Haarlemmermeer";"39"
"0396";"Heemskerk";"25"
"0397";"Heemstede";"21"
"0399";"Heiloo";"19"
"0400";"Den Helder";"31"
"0405";"Hoorn";"35"
"0406";"Huizen";"27"
"0415";"Landsmeer";"15"
"0417";"Laren";"15"
"0420";"Medemblik";"29"
"0431";"Oostzaan";"13"
"0432";"Opmeer";"15"
"0437";"Ouder-Amstel";"15"
"0439";"Purmerend";"37"
"0441";"Schagen";"29"
"0448";"Texel";"15"
"0450";"Uitgeest";"15"
"0451";"Uithoorn";"23"
"0453";"Velsen";"35"
"0473";"Zandvoort";"17"
"0479";"Zaanstad";"39"
"0482";"Alblasserdam";"19"
"0484";"Alphen aan den Rijn";"39"
"0489";"Barendrecht";"29"
"0498";"Drechterland";"19"
"0502";"Capelle aan den IJssel";"33"
"0503";"Delft";"39"
"0505";"Dordrecht";"39"
"0512";"Gorinchem";"25"
"0513";"Gouda";"35"
"0518";"'s-Gravenhage";"45"
"0523";"Hardinxveld-Giessendam";"17"
"0531";"Hendrik-Ido-Ambacht";"23"
"0532";"Stede Broec";"19"
"0534";"Hillegom";"19"
"0537";"Katwijk";"33"
"0542";"Krimpen aan den IJssel";"21"
"0546";"Leiden";"39"
"0547";"Leiderdorp";"21"
"0553";"Lisse";"19"
"0556";"Maassluis";"25"
"0569";"Nieuwkoop";"21"
"0575";"Noordwijk";"29"
"0579";"Oegstgeest";"21"
"0589";"Oudewater";"15"
"0590";"Papendrecht";"23"
"0597";"Ridderkerk";"29"
"0599";"Rotterdam";"45"
"0603";"Rijswijk";"33"
"0606";"Schiedam";"37"
"0610";"Sliedrecht";"21"
"0613";"Albrandswaard";"21"
"0622";"Vlaardingen";"35"
"0626";"Voorschoten";"21"
"0627";"Waddinxveen";"25"
"0629";"Wassenaar";"21"
"0632";"Woerden";"31"
"0637";"Zoetermeer";"39"
"0638";"Zoeterwoude";"15"
"0642";"Zwijndrecht";"27"
"0654";"Borsele";"19"
"0664";"Goes";"27"
"0668";"West Maas en Waal";"19"
"0677";"Hulst";"21"
"0678";"Kapelle";"15"
"0687";"Middelburg";"31"
"0703";"Reimerswaal";"19"
"0715";"Terneuzen";"31"
"0716";"Tholen";"21"
"0717";"Veere";"19"
"0718";"Vlissingen";"29"
"0736";"De Ronde Venen";"29"
"0737";"Tytsjerksteradiel";"23"
"0743";"Asten";"17"
"0744";"Baarle-Nassau";"13"
"0748";"Bergen op Zoom";"35"
"0753";"Best";"23"
"0755";"Boekel";"15"
"0757";"Boxtel";"23"
"0758";"Breda";"39"
"0762";"Deurne";"23"
"0765";"Pekela";"15"
"0766";"Dongen";"21"
"0770";"Eersel";"19"
"0772";"Eindhoven";"45"
"0777";"Etten-Leur";"29"
"0779";"Geertruidenberg";"19"
"0784";"Gilze en Rijen";"21"
"0785";"Goirle";"19"
"0794";"Helmond";"37"
"0796";"'s-Hertogenbosch";"39"
"0797";"Heusden";"29"
"0798";"Hilvarenbeek";"17"
"0809";"Loon op Zand";"19"
"0820";"Nuenen, Gerwen en Nederwetten";"19"
"0823";"Oirschot";"17"
"0824";"Oisterwijk";"23"
"0826";"Oosterhout";"31"
"0828";"Oss";"37"
"0840";"Rucphen";"19"
"0845";"Sint-Michielsgestel";"23"
"0847";"Someren";"19"
"0848";"Son en Breugel";"17"
"0851";"Steenbergen";"19"
"0852";"Waterland";"17"
"0855";"Tilburg";"45"
"0858";"Valkenswaard";"23"
"0861";"Veldhoven";"29"
"0865";"Vught";"23"
"0866";"Waalre";"17"
"0867";"Waalwijk";"31"
"0873";"Woensdrecht";"19"
"0879";"Zundert";"19"
"0880";"Wormerland";"17"
"0882";"Landgraaf";"25"
"0888";"Beek";"17"
"0889";"Beesel";"15"
"0893";"Bergen (L)";"15"
"0899";"Brunssum";"21"
"0907";"Gennep";"17"
"0917";"Heerlen";"37"
"0928";"Kerkrade";"29"
"0935";"Maastricht";"39"
"0938";"Meerssen";"17"
"0944";"Mook en Middelaar";"13"
"0946";"Nederweert";"17"
"0957";"Roermond";"33"
"0965";"Simpelveld";"15"
"0971";"Stein";"19"
"0981";"Vaals";"15"
"0983";"Venlo";"39"
"0984";"Venray";"29"
"0986";"Voerendaal";"15"
"0988";"Weert";"31"
"0994";"Valkenburg aan de Geul";"17"
"0995";"Lelystad";"37"
"1507";"Horst aan de Maas";"27"
"1509";"Oude IJsselstreek";"25"
"1525";"Teylingen";"25"
"1581";"Utrechtse Heuvelrug";"31"
"1586";"Oost Gelre";"23"
"1598";"Koggenland";"19"
"1621";"Lansingerland";"33"
"1640";"Leudal";"25"
"1641";"Maasgouw";"19"
"1652";"Gemert-Bakel";"23"
"1655";"Halderberge";"23"
"1658";"Heeze-Leende";"17"
"1659";"Laarbeek";"19"
"1667";"Reusel-De Mierden";"15"
"1669";"Roerdalen";"19"
"1674";"Roosendaal";"35"
"1676";"Schouwen-Duiveland";"23"
"1680";"Aa en Hunze";"21"
"1681";"Borger-Odoorn";"21"
"1690";"De Wolden";"19"
"1695";"Noord-Beveland";"13"
"1699";"Noordenveld";"23"
"1700";"Twenterand";"23"
"1701";"Westerveld";"17"
"1705";"Lingewaard";"29"
"1706";"Cranendonck";"19"
"1708";"Steenwijkerland";"29"
"1709";"Moerdijk";"25"
"1711";"Echt-Susteren";"23"
"1714";"Sluis";"19"
"1719";"Drimmelen";"21"
"1721";"Bernheze";"23"
"1723";"Alphen-Chaam";"15"
"1724";"Bergeijk";"17"
"1728";"Bladel";"19"
"1729";"Gulpen-Wittem";"15"
"1730";"Tynaarlo";"25"
"1731";"Midden-Drenthe";"23"
"1734";"Overbetuwe";"29"
"1735";"Hof van Twente";"25"
"1740";"Neder-Betuwe";"21"
"1742";"Rijssen-Holten";"25"
"1771";"Geldrop-Mierlo";"27"
"1773";"Olst-Wijhe";"17"
"1774";"Dinkelland";"21"
"1783";"Westland";"39"
"1842";"Midden-Delfland";"17"
"1859";"Berkelland";"27"
"1876";"Bronckhorst";"25"
"1883";"Sittard-Geleen";"37"
"1884";"Kaag en Braassem";"21"
"1891";"Dantumadiel";"17"
"1892";"Zuidplas";"29"
"1894";"Peel en Maas";"29"
"1895";"Oldambt";"25"
"1896";"Zwartewaterland";"19"
"1900";"Súdwest-Fryslân";"37"
"1901";"Bodegraven-Reeuwijk";"25"
"1903";"Eijsden-Margraten";"21"
"1904";"Stichtse Vecht";"33"
"1911";"Hollands Kroon";"29"
"1916";"Leidschendam-Voorburg";"35"
"1924";"Goeree-Overflakkee";"31"
"1926";"Pijnacker-Nootdorp";"31"
"1930";"Nissewaard";"37"
"1931";"Krimpenerwaard";"31"
"1940";"De Fryske Marren";"31"
"1942";"Gooise Meren";"33"
"1945";"Berg en Dal";"25"
"1948";"Meierijstad";"37"
"1949";"Waadhoeke";"29"
"1950";"Westerwolde";"21"
"1952";"Midden-Groningen";"33"
"1954";"Beekdaelen";"25"
"1955";"Montferland";"25"
"1959";"Altena";"31"
"1960";"West Betuwe";"31"
"1961";"Vijfheerenlanden";"33"
"1963";"Hoeksche Waard";"37"
"1966";"Het Hogeland";"29"
"1969";"Westerkwartier";"33"
"1970";"Noardeast-Fryslân";"29"
"1978";"Molenlanden";"29"
"1979";"Eemsdelta";"27"
"1980";"Dijk en Waard";"37"
"1982";"Land van Cuijk";"37"
"1991";"Maashorst";"33"
"1992";"Voorne aan Zee";"35"
